<?xml version="1.0" encoding="UTF-8"?>
<addon id="repository.xbmc.doplnky"
       version="1.0.3"
       name="XBMC Doplňky (CZ &amp; SK)"
       provider-name="Libor Zoubek">
  <extension point="xbmc.addon.repository"
              name="repozitář českých a slovenských doplňků">
    <info compressed="false">https://raw.github.com/mx3L/xbmc-doplnky/prismcube_ruby/addons.xml</info>
    <checksum>https://raw.github.com/mx3L/xbmc-doplnky/prismcube_ruby/addons.xml.md5</checksum>
    <datadir zip="true">https://raw.github.com/mx3L/xbmc-doplnky/prismcube_ruby/repo</datadir>
  </extension>
  <extension point="xbmc.addon.metadata">
    <summary>XBMC Doplňky (CZ &amp; SK)</summary>
    <description>
    	This repository contains mostly video addons for czech users. [CR] Please send feedback, patches or fire any issues on http://xbmc-doplnky.googlecode.com
    </description>
    <description lang="cs">
    	Tento repozitář obsahuje video doplňky pro česky a slovensky mluvící uživatele.[CR] Máte-li jakékoliv poznámky, náměty, doplňky k začlenění nebo chcete nahlásit chybu, navštivte http://xbmc-doplnky.googlecode.com.
    </description>
    <platform>all</platform>
  </extension>
</addon>
