﻿<?xml version="1.0" encoding="UTF-8" standalone="yes"?>
<addon id="plugin.video.zkouknito.cz"
       name="zkouknito.cz"
       version="1.0.3"
       provider-name="Libor Zoubek">
  <requires>
    <import addon="xbmc.python" version="2.0" />
    <import addon="script.module.stream.resolver" version="1.6.0" />
  </requires>
  <extension point="xbmc.python.pluginsource"
             provides="video"
             library="default.py">
    <provides>video</provides>
  </extension>
  <extension point="xbmc.addon.metadata">
    <summary lang="en">zkouknito.cz</summary>
    <summary lang="cs">zkouknito.cz</summary>
    <description lang="en">Watch online content from zkouknito.cz</description>
    <description lang="cs">Sledujte online obsah ze servru zkouknito.cz</description>
    <platform>all</platform>
  </extension>
</addon>
